scenario_id,family,day_type,seed,espera_media_carros_agente,espera_media_pedestres_agente,espera_maxima_carros_agente,espera_maxima_pedestres_agente,espera_p95_carros_agente,espera_p95_pedestres_agente,violacoes_teto_carros_agente,violacoes_teto_pedestres_agente,fila_media_veh_ns_agente,fila_media_ped_l_agente,fila_media_ped_o_agente,throughput_total_carros_agente,throughput_total_pedestres_agente,espera_media_carros_baseline,espera_media_pedestres_baseline,espera_maxima_carros_baseline,espera_maxima_pedestres_baseline,espera_p95_carros_baseline,espera_p95_pedestres_baseline,violacoes_teto_carros_baseline,violacoes_teto_pedestres_baseline,fila_media_veh_ns_baseline,fila_media_ped_l_baseline,fila_media_ped_o_baseline,throughput_total_carros_baseline,throughput_total_pedestres_baseline,espera_media_carros_variacao_pct,espera_media_pedestres_variacao_pct,espera_maxima_carros_variacao_pct,violacoes_teto_carros_variacao_pct,violacoes_teto_pedestres_variacao_pct
baixa_mov_fds_seed1000,baixa_mov,fds,1000,4.73314929836669,7.1371822033898304,20.0,20.0,15.0,20.0,0.0,0.0,0.23813657407407407,0.2335648148148148,0.23449074074074075,4347.0,5664.0,7.368239355581128,17.33892321270962,35.0,50.0,30.0,50.0,0.0,0.0,0.3710069444444444,0.5575810185185185,0.5792824074074074,4345.0,5665.0,-35.8,-58.8,-42.9,,
baixa_mov_fds_seed1001,baixa_mov,fds,1001,4.570230607966457,7.1875,20.0,20.0,15.0,20.0,0.0,0.0,0.22708333333333333,0.23391203703703703,0.24027777777777778,4293.0,5696.0,7.135198135198135,17.22007722007722,35.0,50.0,30.0,50.0,0.0,0.0,0.3546296296296296,0.5652199074074075,0.5704282407407407,4290.0,5698.0,-35.9,-58.3,-42.9,,
baixa_mov_fds_seed1002,baixa_mov,fds,1002,4.839699863574352,7.224834552420759,20.0,20.0,15.0,20.0,0.0,0.0,0.24635416666666668,0.23859953703703704,0.24195601851851853,4398.0,5742.0,7.335077343039126,17.496953872932984,35.0,50.0,30.0,50.0,0.0,0.0,0.3736111111111111,0.5733217592592592,0.5901041666666667,4396.0,5745.0,-34.0,-58.7,-42.9,,
baixa_mov_fds_seed1003,baixa_mov,fds,1003,4.680130749474667,7.245325878035995,20.0,20.0,15.0,20.0,0.0,0.0,0.23200231481481481,0.23831018518518518,0.24224537037037036,4283.0,5723.0,7.222092480149463,17.350270647808625,35.0,50.0,30.0,50.0,0.0,0.0,0.3581018518518518,0.5773148148148148,0.5727430555555556,4282.0,5727.0,-35.2,-58.2,-42.9,,
baixa_mov_util_seed1000,baixa_mov,util,1000,5.066547477155344,7.246239228859355,20.0,20.0,15.0,20.0,0.0,0.0,0.29519675925925926,0.29050925925925924,0.2837384259259259,5034.0,6847.0,8.015699523052465,18.000584197458743,35.0,55.0,30.0,50.0,0.0,0.0,0.4670717592592592,0.7017361111111111,0.7247685185185185,5032.0,6847.0,-36.8,-59.7,-42.9,,
baixa_mov_util_seed1001,baixa_mov,util,1001,4.957420924574209,7.0499410724808484,20.0,25.0,15.0,20.0,0.0,0.0,0.2829861111111111,0.28020833333333334,0.2738425925925926,4932.0,6788.0,7.367193836171938,17.509942554131683,35.0,55.0,30.0,50.0,0.0,0.0,0.4205439814814815,0.6594328703703703,0.7164351851851852,4932.0,6789.0,-32.7,-59.7,-42.9,,
baixa_mov_util_seed1002,baixa_mov,util,1002,4.826340092350933,7.26544289044289,20.0,20.0,15.0,20.0,0.0,0.0,0.27824074074074073,0.28825231481481484,0.2890625,4981.0,6864.0,7.470883534136546,17.55935906773489,35.0,50.0,30.0,50.0,0.0,0.0,0.4307291666666666,0.7040509259259259,0.6911458333333333,4980.0,6865.0,-35.4,-58.6,-42.9,,
baixa_mov_util_seed1003,baixa_mov,util,1003,4.83916649807809,7.427546628407461,20.0,20.0,15.0,20.0,0.0,0.0,0.27685185185185185,0.290162037037037,0.3091435185185185,4943.0,6970.0,7.742914979757085,17.496055085353607,35.0,50.0,30.0,50.0,0.0,0.0,0.443287037037037,0.6895833333333333,0.7220486111111111,4940.0,6971.0,-37.5,-57.5,-42.9,,
equilibrado_fds_seed1000,equilibrado,fds,1000,6.163928539366191,7.661290322580645,30.0,30.0,15.0,20.0,0.0,0.0,0.794675925925926,0.6391782407407407,0.6255787037037037,11139.0,14260.0,9.064015083497935,19.14493058477072,35.0,50.0,30.0,50.0,0.0,0.0,1.1685185185185183,1.6030671296296295,1.557175925925926,11138.0,14262.0,-32.0,-60.0,-14.3,,
equilibrado_fds_seed1001,equilibrado,fds,1001,6.135142518896275,7.442936894919087,30.0,35.0,15.0,20.0,0.0,0.0,0.7797453703703704,0.6113425925925926,0.6083912037037037,10981.0,14151.0,9.171753986332574,18.79706152433425,40.0,55.0,30.0,50.0,0.0,0.0,1.1664930555555555,1.5452546296296297,1.5347222222222223,10975.0,14157.0,-33.1,-60.4,-25.0,,
equilibrado_fds_seed1002,equilibrado,fds,1002,5.849661399548533,7.535666596387659,30.0,25.0,15.0,20.0,0.0,0.0,0.7498263888888889,0.6174768518518519,0.6237847222222223,11075.0,14229.0,9.049146264341855,18.632115249472943,35.0,55.0,30.0,50.0,0.0,0.0,1.1607060185185183,1.5354166666666669,1.533275462962963,11069.0,14230.0,-35.4,-59.6,-14.3,,
equilibrado_fds_seed1003,equilibrado,fds,1003,5.957378551787351,7.534877232142857,30.0,30.0,15.0,20.0,0.0,0.0,0.7522569444444445,0.6348958333333333,0.6155092592592593,10910.0,14336.0,8.905648267008987,19.06047290228081,35.0,55.0,30.0,50.0,0.0,0.0,1.1252314814814814,1.5820023148148148,1.5808449074074074,10906.0,14337.0,-33.1,-60.5,-14.3,,
equilibrado_util_seed1000,equilibrado,util,1000,7.276012708498809,7.885898116994274,45.0,35.0,20.0,20.0,0.0,0.0,1.0602430555555555,0.7734953703703704,0.7731481481481481,12590.0,16941.0,10.146159345460322,19.894069046916496,45.0,55.0,30.0,50.0,0.0,0.0,1.4787037037037036,1.9272569444444445,1.9744212962962964,12589.0,16945.0,-28.3,-60.4,0.0,,
equilibrado_util_seed1001,equilibrado,util,1001,7.194751160185629,7.870408952913864,40.0,40.0,20.0,20.0,0.0,0.0,1.0407407407407407,0.7894097222222223,0.7410300925925926,12498.0,16799.0,10.283313325330132,20.094637223974765,45.0,75.0,30.0,50.0,0.0,6.0,1.4877314814814817,2.0358217592592593,1.871701388888889,12495.0,16801.0,-30.0,-60.8,-11.1,,-100.0
equilibrado_util_seed1002,equilibrado,util,1002,7.263974650633735,7.9970403899721445,45.0,30.0,20.0,20.0,0.0,0.0,1.0347800925925925,0.8039351851851851,0.7915509259259259,12308.0,17232.0,10.453474197480698,20.139243443954513,55.0,70.0,30.0,50.0,0.0,2.0,1.4893518518518518,2.017650462962963,1.9999421296296296,12305.0,17236.0,-30.5,-60.3,-18.2,,-100.0
equilibrado_util_seed1003,equilibrado,util,1003,7.178290168060404,7.917200419238384,40.0,35.0,20.0,20.0,0.0,0.0,1.0233217592592592,0.7921875,0.7815972222222223,12317.0,17174.0,10.17541010232256,19.95778748180495,50.0,55.0,30.0,50.0,0.0,0.0,1.450636574074074,1.9947337962962963,1.9725694444444444,12314.0,17175.0,-29.5,-60.3,-20.0,,
pico_ped_fds_seed1000,pico_ped,fds,1000,5.356031128404669,8.416845988318475,20.0,40.0,15.0,20.0,0.0,0.0,0.4779513888888889,1.0972222222222223,1.1214699074074075,7710.0,22771.0,8.133757135443695,21.22557414482062,35.0,70.0,30.0,50.0,0.0,15.0,0.7260416666666667,2.783275462962963,2.811284722222222,7708.0,22773.0,-34.2,-60.3,-42.9,,-100.0
pico_ped_fds_seed1001,pico_ped,fds,1001,5.201832425972646,8.356466181978409,25.0,40.0,15.0,20.0,0.0,0.0,0.45341435185185186,1.1118055555555555,1.083738425925926,7531.0,22695.0,7.801248837518267,21.45468963390458,35.0,80.0,30.0,50.0,0.0,20.0,0.6803819444444444,2.834780092592593,2.8017939814814814,7527.0,22699.0,-33.3,-61.1,-28.6,,-100.0
pico_ped_fds_seed1002,pico_ped,fds,1002,5.237535891412164,8.441226950666726,20.0,40.0,15.0,20.0,0.0,0.0,0.46446759259259257,1.1310185185185184,1.0898726851851852,7662.0,22723.0,7.940984462723593,21.488032382963745,35.0,105.0,30.0,50.0,0.0,62.0,0.7046296296296296,2.872164351851852,2.7803819444444446,7659.0,22728.0,-34.0,-60.7,-42.9,,-100.0
pico_ped_fds_seed1003,pico_ped,fds,1003,5.3942181340341655,8.405010072698607,20.0,40.0,15.0,20.0,0.0,0.0,0.47511574074074076,1.0925347222222221,1.129513888888889,7610.0,22834.0,8.229262521361903,21.211743071062656,35.0,80.0,30.0,50.0,0.0,19.0,0.7252893518518518,2.790451388888889,2.816666666666667,7607.0,22839.0,-34.5,-60.4,-42.9,,-100.0
pico_ped_util_seed1000,pico_ped,util,1000,5.6875568698817105,11.263819559992605,25.0,65.0,15.0,30.0,0.0,1.0,0.578761574074074,1.7005787037037037,1.825636574074074,8792.0,27045.0,8.656954245390393,39.20480591497227,35.0,230.0,30.0,120.0,0.0,4462.0,0.88125,5.175925925925926,7.098263888888889,8786.0,27050.0,-34.3,-71.3,-28.6,,-100.0
pico_ped_util_seed1001,pico_ped,util,1001,5.604777919517569,11.171973110733544,20.0,70.0,15.0,30.0,0.0,18.0,0.559375,1.7664930555555556,1.7344328703703704,8623.0,27074.0,8.599512874043146,39.34810710987996,35.0,245.0,30.0,120.0,0.0,4485.0,0.8585069444444444,6.739409722222222,5.591030092592592,8622.0,27075.0,-34.8,-71.6,-42.9,,-99.6
pico_ped_util_seed1002,pico_ped,util,1002,5.680900173110214,12.536477094931412,25.0,90.0,15.0,35.0,0.0,116.0,0.5697337962962963,2.0935763888888888,1.8949074074074075,8665.0,27483.0,8.606879039704525,54.80446012805588,35.0,425.0,30.0,180.0,0.0,7604.0,0.8633101851851852,8.227893518518519,9.20804398148148,8664.0,27488.0,-34.0,-77.1,-28.6,,-98.5
pico_ped_util_seed1003,pico_ped,util,1003,5.5593357167570066,12.156905435808113,25.0,75.0,15.0,30.0,0.0,24.0,0.5579282407407408,1.9267939814814814,1.9512731481481482,8671.0,27558.0,8.638828007844042,55.568738434744745,35.0,285.0,30.0,190.0,0.0,7397.0,0.8674189814814814,10.122280092592591,7.603761574074074,8669.0,27561.0,-35.6,-78.1,-28.6,,-99.7
pico_veic_fds_seed1000,pico_veic,fds,1000,11.28054353787094,7.430290872617854,85.0,25.0,35.0,20.0,0.0,0.0,2.142650462962963,0.4281828703703704,0.4294560185185185,16411.0,9970.0,11.8159370808438,18.31327717609306,60.0,50.0,30.0,50.0,0.0,0.0,2.2447916666666665,1.0682291666666666,1.0454282407407407,16402.0,9972.0,-4.5,-59.4,41.7,,
pico_veic_fds_seed1001,pico_veic,fds,1001,11.017381791661602,7.390057361376673,70.0,20.0,35.0,20.0,0.0,0.0,2.098148148148148,0.4273148148148148,0.42291666666666666,16454.0,9937.0,12.227187063043344,18.007344803300132,60.0,50.0,30.0,50.0,0.0,0.0,2.328877314814815,1.0295717592592593,1.0418981481481482,16449.0,9939.0,-9.9,-59.0,16.7,,
pico_veic_fds_seed1002,pico_veic,fds,1002,10.015615431720759,7.234856007944389,70.0,20.0,30.0,20.0,0.0,0.0,1.892997685185185,0.41325231481481484,0.4303240740740741,16330.0,10070.0,12.108374686025853,17.970115170770452,60.0,50.0,30.0,50.0,0.0,0.0,2.288946759259259,1.052199074074074,1.042650462962963,16323.0,10072.0,-17.3,-59.7,16.7,,
pico_veic_fds_seed1003,pico_veic,fds,1003,10.833639593286781,7.302651476963404,80.0,25.0,35.0,20.0,0.0,0.0,2.0471064814814817,0.42442129629629627,0.41498842592592594,16326.0,9919.0,12.205747196862935,18.007757404795488,65.0,50.0,30.0,50.0,0.0,0.0,2.3068287037037036,1.0483796296296295,1.0204282407407408,16321.0,9926.0,-11.2,-59.4,23.1,,
pico_veic_util_seed1000,pico_veic,util,1000,377.11834603293016,7.368802180950758,1970.0,25.0,1595.0,20.0,8955.0,0.0,81.91412037037037,0.4880787037037037,0.5130208333333334,18767.0,11738.0,126.17719158006928,18.668853296984153,935.0,55.0,730.0,50.0,5038.0,0.0,27.4046875,1.2451388888888888,1.2911458333333334,18765.0,11738.0,198.9,-60.5,110.7,77.7,
pico_veic_util_seed1001,pico_veic,util,1001,383.5591916834624,7.496619337390128,1985.0,25.0,1615.0,20.0,8845.0,0.0,83.69936342592592,0.5289930555555555,0.4982638888888889,18854.0,11832.0,136.7636759165915,18.47359526827207,900.0,50.0,705.0,50.0,4643.0,0.0,29.83454861111111,1.3131944444444446,1.2173032407407407,18847.0,11835.0,180.5,-59.4,120.6,90.5,
pico_veic_util_seed1002,pico_veic,util,1002,440.9218874966676,7.49689646610941,2110.0,25.0,1745.0,20.0,9396.0,0.0,95.71168981481482,0.5169560185185185,0.5317708333333333,18755.0,12083.0,159.02746666666667,18.62681009515929,1020.0,50.0,835.0,50.0,7185.0,0.0,34.51192129629629,1.2702546296296295,1.3351273148148148,18750.0,12085.0,177.3,-59.8,106.9,30.8,
pico_veic_util_seed1003,pico_veic,util,1003,382.7698365607638,7.426191654296553,1670.0,25.0,1365.0,20.0,9071.0,0.0,82.13159722222223,0.5211805555555555,0.5212962962962963,18539.0,12126.0,112.58646738250688,18.61177537725736,670.0,50.0,505.0,50.0,6021.0,0.0,24.15162037037037,1.2840277777777778,1.328298611111111,18533.0,12127.0,240.0,-60.1,149.3,50.7,
